{"Acc score All Val train 0": 0.7095555555555556, "_timestamp": 1682357251.0906315, "_runtime": 13.712968587875366, "_step": 25}