{"F1 score All Val train 0": 0.4203897370414196, "_timestamp": 1682357369.6704206, "_runtime": 106.89730858802795, "_step": 149, "Acc score All Val train 0": 0.46394444444444444, "conf_matrix_all_val_table": {"_type": "table-file", "sha256": "847440eab80b607ece2d2f1c6cd0a3cacc2beb540558722118b862b360157c28", "size": 834, "artifact_path": "wandb-client-artifact://quik6niyixfoxsoboojns3j887emh4xa5cxe3h3775715eqjs77l3evaxg7wtiha8ldflh93urpdxd91dhvb203zeumhxtol008p4sxakd9vrr4jnrkecgscngmdq6cv:latest/conf_matrix_all_val_table.table.json", "_latest_artifact_path": "wandb-client-artifact://quik6niyixfoxsoboojns3j887emh4xa5cxe3h3775715eqjs77l3evaxg7wtiha8ldflh93urpdxd91dhvb203zeumhxtol008p4sxakd9vrr4jnrkecgscngmdq6cv:latest/conf_matrix_all_val_table.table.json", "path": "media/table/conf_matrix_all_val_table_146_847440eab80b607ece2d.table.json", "ncols": 3, "nrows": 25}, "Loss train 0": 0.3318533952427643, "Loss val: 0": 5.23387460726455, "Active/Val F1 score": 0.4203897370414196, "Active/Val Acc score ": 0.46394444444444444, "queries step": 20, "_wandb": {"runtime": 108}}